{
	"path": [{
			"id":	"img_00",
			"w":	600,
			"h":	720,
			"p":	"seq_00",
			"s":	19,
			"sm":	0,
			"ext":	"png",
			"prefix":	"",
			"absolute":	0,
			"allseq":	0,
			"rndpic":	0,
			"timescale":	1
		},{
			"id":	"img_01",
			"w":	600,
			"h":	720,
			"p":	"2.png",
			"s":	0,
			"sm":	0,
			"ext":	"",
			"prefix":	"",
			"absolute":	0,
			"allseq":	0,
			"rndpic":	0,
			"timescale":	1
		}],
	"alpha": 80,
	"switch": 1,
	"uvpoints": [0.06666667, 0.422222227, 0.0933333337, 0.530555546, 0.115, 0.608333349, 0.125, 0.691666663, 0.153333336, 0.780555546, 0.221666664, 0.8666667, 0.3, 0.925, 0.391666681, 0.966666639, 0.50333333, 0.98888886, 0.603333354, 0.968055546, 0.688333333, 0.9305556, 0.775, 0.872222245, 0.8383333, 0.793055534, 0.87166667, 0.7013889, 0.88166666, 0.615277767, 0.9066667, 0.529166639, 0.9316667, 0.43194443, 0.203333333, 0.3375, 0.23833333, 0.304166675, 0.306666672, 0.290277779, 0.37, 0.294444442, 0.423333347, 0.315277785, 0.566666663, 0.315277785, 0.6166667, 0.294444442, 0.678333342, 0.279166669, 0.74, 0.286111116, 0.7783333, 0.319444448, 0.498333335, 0.454166681, 0.5, 0.531944454, 0.5, 0.5861111, 0.498333335, 0.644444466, 0.416666657, 0.69305557, 0.465, 0.706944466, 0.5, 0.7125, 0.54, 0.706944466, 0.58, 0.69305557, 0.24666667, 0.415277779, 0.311666667, 0.411111116, 0.375, 0.419444442, 0.413333327, 0.459722221, 0.353333324, 0.4625, 0.295, 0.447222233, 0.581666648, 0.458333343, 0.61833334, 0.422222227, 0.686666667, 0.415277779, 0.75333333, 0.415277779, 0.701666653, 0.447222233, 0.641666651, 0.4625, 0.37, 0.747222245, 0.415, 0.73888886, 0.461666673, 0.73888886, 0.498333335, 0.745833337, 0.533333361, 0.7375, 0.575, 0.7375, 0.63166666, 0.7513889, 0.595, 0.7861111, 0.555, 0.8055556, 0.50333333, 0.82361114, 0.453333348, 0.808333337, 0.411666662, 0.779166639, 0.38166666, 0.75, 0.456666678, 0.7736111, 0.5, 0.7777778, 0.538333356, 0.7736111, 0.62166667, 0.7513889, 0.543333352, 0.783333361, 0.5, 0.7875, 0.456666678, 0.781944454, 0.0933333337, 0.197222218, 0.198333338, 0.09861111, 0.313333333, 0.0416666679, 0.69, 0.0444444455, 0.8233333, 0.118055552, 0.9216667, 0.234722227, 0.498333335, 0.0152777778],
	"pointnum": 101
}